t_s,angulo_rodilla_deg
0.0,170.0
0.033,170.788
0.067,171.189
0.1,171.004
0.133,170.325
0.167,169.486
0.2,168.9
0.233,168.855
0.267,169.374
0.3,170.201
0.333,170.929
0.367,171.199
0.4,170.88
0.433,170.127
0.467,169.312
0.5,168.835
0.533,168.932
0.567,169.554
0.6,170.396
0.633,171.043
0.667,171.176
0.7,170.731
0.733,169.926
0.767,169.157
0.8,168.803
0.833,169.039
0.867,169.747
0.9,170.58
0.933,171.127
0.967,171.12
1.0,170.561
1.033,169.651
1.067,168.725
1.1,168.13
1.133,167.974
1.167,168.08
1.2,168.068
1.233,167.547
1.267,166.308
1.3,164.426
1.333,162.231
1.367,160.14
1.4,158.46
1.433,157.237
1.467,156.236
1.5,155.062
1.533,153.352
1.567,150.965
1.6,148.048
1.633,144.97
1.667,142.145
1.7,139.83
1.733,138.005
1.767,136.385
1.8,134.564
1.833,132.222
1.867,129.284
1.9,125.962
1.933,122.656
1.967,119.76
2.0,117.474
2.033,115.708
2.067,114.133
2.1,112.344
2.133,110.068
2.167,107.297
2.2,104.301
2.233,101.495
2.267,99.242
2.3,97.675
2.333,96.635
2.367,95.757
2.4,94.647
2.433,93.081
2.467,91.12
2.5,89.079
2.533,87.378
2.567,86.334
2.6,86.008
2.633,86.177
2.667,86.446
2.7,86.442
2.733,85.997
2.767,85.237
2.8,84.563
2.833,84.408
2.867,85.033
2.9,86.425
2.933,88.297
2.967,90.233
3.0,91.887
3.033,93.147
3.067,94.194
3.1,95.402
3.133,97.151
3.167,99.637
3.2,102.767
3.233,106.202
3.267,109.513
3.3,112.39
3.333,114.785
3.367,116.929
3.4,119.212
3.433,121.981
3.467,125.363
3.5,129.195
3.533,133.096
3.567,136.645
3.6,139.582
3.633,141.929
3.667,143.968
3.7,146.098
3.733,148.629
3.767,151.625
3.8,154.861
3.833,157.932
3.867,160.442
3.9,162.198
3.933,163.292
3.967,164.059
4.0,164.902
4.033,166.09
4.067,167.625
4.1,169.235
4.133,170.506
4.167,171.085
4.2,170.85
4.233,170.011
4.267,168.984
4.3,168.166
4.333,167.782
4.367,167.771
4.4,167.819
4.433,167.515
4.467,166.554
4.5,164.887
4.533,162.751
4.567,160.552
4.6,158.665
4.633,157.257
4.667,156.204
4.7,155.157
4.733,153.714
4.767,151.624
4.8,148.912
4.833,145.873
4.867,142.926
4.9,140.416
4.933,138.445
4.967,136.828
5.0,135.186
5.033,133.14
5.067,130.497
5.1,127.354
5.133,124.051
5.167,121.01
5.2,118.531
5.233,116.648
5.267,115.117
5.3,113.541
5.333,111.567
5.367,109.066
5.4,106.201
5.433,103.348
5.467,100.915
5.5,99.148
5.533,98.01
5.567,97.201
5.6,96.315
5.633,95.036
5.667,93.299
5.7,91.326
5.733,89.515
5.767,88.251
5.8,87.713
5.833,87.793
5.867,88.145
5.9,88.362
5.933,88.171
5.967,87.575
6.0,86.894
6.033,86.562
6.067,86.923
6.1,88.086
6.133,89.869
6.167,91.887
6.2,93.738
6.233,95.2
6.267,96.333
6.3,97.447
6.333,98.948
6.367,101.127
6.4,104.017
6.433,107.367
6.467,110.762
6.5,113.818
6.533,116.368
6.567,118.533
6.6,120.659
6.633,123.134
6.667,126.198
6.7,129.806
6.733,133.653
6.767,137.31
6.8,140.428
6.833,142.905
6.867,144.927
6.9,146.866
6.933,149.096
6.967,151.797
7.0,154.861
7.033,157.939
7.067,160.606
7.1,162.565
7.133,163.789
7.167,164.527
7.2,165.176
7.233,166.088
7.267,167.384
7.3,168.9
7.333,170.259
7.367,171.058
7.4,171.063
7.433,170.364
7.467,169.307
7.5,168.308
7.533,167.684
7.567,167.499
7.6,167.532
7.633,167.388
7.667,166.695
7.7,165.285
7.733,163.282
7.767,161.041
7.8,158.977
7.833,157.361
7.867,156.191
7.9,155.197
7.933,153.973
7.967,152.183
8.0,149.729
8.033,146.804
8.067,143.796
8.1,141.108
8.133,138.956
8.167,137.272
8.2,135.739
8.233,133.952
8.267,131.62
8.3,128.716
8.333,125.491
8.367,122.358
8.4,119.691
8.433,117.645
8.467,116.085
8.5,114.654
8.533,112.957
8.567,110.755
8.6,108.089
8.633,105.261
8.667,102.693
8.7,100.719
8.733,99.425
8.767,98.611
8.8,97.89
8.833,96.885
8.867,95.412
8.9,93.578
8.933,91.727
8.967,90.276
9.0,89.506
9.033,89.432
9.067,89.793
9.1,90.181
9.133,90.244
9.167,89.862
9.2,89.249
9.233,88.803
9.267,88.92
9.3,89.821
9.333,91.446
9.367,93.473
9.4,95.484
9.433,97.16
9.467,98.436
9.5,99.534
9.533,100.842
9.567,102.722
9.6,105.328
9.633,108.521
9.667,111.931
9.7,115.139
9.733,117.869
9.767,120.121
9.8,122.162
9.833,124.391
9.867,127.131
9.9,130.462
9.933,134.181
9.967,137.884
10.0,141.168
10.033,143.812
10.067,145.887
10.1,147.706
10.133,149.67
10.167,152.059
10.2,154.889
10.233,157.898
10.267,160.67
10.3,162.831
10.333,164.231
10.367,165.013
10.4,165.535
10.433,166.193
10.467,167.221
10.5,168.575
10.533,169.948
10.567,170.925
10.6,171.18
10.633,170.678
10.667,169.667
10.7,168.545
10.733,167.692
10.767,167.291
10.8,167.236
10.833,167.185
10.867,166.729
10.9,165.598
10.933,163.792
10.967,161.584
11.0,159.391
11.033,157.565
11.067,156.227
11.1,155.211
11.133,154.143
11.167,152.635
11.2,150.473
11.233,147.731
11.267,144.735
11.3,141.906
11.333,139.559
11.367,137.749
11.4,136.249
11.433,134.667
11.467,132.639
11.5,130.019
11.533,126.946
11.567,123.788
11.6,120.959
11.633,118.724
11.667,117.067
11.7,115.709
11.733,114.245
11.767,112.347
11.8,109.933
11.833,107.206
11.867,104.562
11.9,102.395
11.933,100.909
11.967,100.017
12.0,99.393
12.033,98.627
12.067,97.436
12.1,95.804
12.133,93.988
12.167,92.4
12.2,91.401
12.233,91.126
12.267,91.42
12.3,91.915
12.333,92.209
12.367,92.072
12.4,91.596
12.433,91.108
12.467,91.022
12.5,91.652
12.533,93.06
12.567,95.022
12.6,97.135
12.633,99.014
12.667,100.477
12.7,101.63
12.733,102.813
12.767,104.425
12.8,106.724
12.833,109.694
12.867,113.046
12.9,116.358
12.933,119.27
12.967,121.66
13.0,123.694
13.033,125.738
13.067,128.171
13.1,131.191
13.133,134.71
13.167,138.39
13.2,141.801
13.233,144.628
13.267,146.815
13.3,148.59
13.333,150.342
13.367,152.425
13.4,154.975
13.433,157.842
13.467,160.652
13.5,162.988
13.533,164.593
13.567,165.486
13.6,165.953
13.633,166.402
13.667,167.155
13.7,168.292
13.733,169.604
13.767,170.7
13.8,171.191
13.833,170.992
13.867,170.304
13.9,169.467
13.933,168.892
13.967,168.862
14.0,169.393